Depth,Temperature,Salinity
182.25547665993383,-1.5426932883668962,33.02960136471076
182.50547665993383,-1.5425546176613265,33.0328565099748
182.75547665993383,-1.5423047826930603,33.035572934910206
183.00547665993383,-1.5419581465774277,33.03706413246708
183.25547665993383,-1.541712861855045,33.037907845574
183.50547665993383,-1.5412600463094923,33.0389106233859
183.75547665993383,-1.5403106836243967,33.04037021700343
184.00547665993383,-1.5402727816294317,33.04331830825248
184.25547665993383,-1.5403182951908796,33.04620195659714
184.50547665993383,-1.5401215983526122,33.04852848302822
184.75547665993383,-1.540342728017561,33.050240727451246
185.00547665993383,-1.5410831617590777,33.05144042246306
185.25547665993383,-1.5415223410629575,33.05342734952394
185.50547665993383,-1.541824218450093,33.05719985164345
185.75547665993383,-1.5414535718660425,33.06017455508379
186.00547665993383,-1.5411447801376812,33.062078953750635
186.25547665993383,-1.5411901509647452,33.06315391738646
186.50547665993383,-1.5409550198927426,33.0639597462502
186.75547665993383,-1.5408273093071843,33.06749494374048
187.00547665993383,-1.540636512376253,33.07121003535642
187.25547665993383,-1.5404767881239905,33.07388519419471
187.50547665993383,-1.5399639460383145,33.07571972653357
187.75547665993383,-1.5393150890247698,33.07935967416203
188.00547665993383,-1.5394808189502038,33.08573778623464
188.25547665993383,-1.5401582403309944,33.08830292194535
188.50547665993383,-1.5413807785227327,33.08978935536953
188.75547665993383,-1.541817497440481,33.0914575393866
189.00547665993383,-1.541559502955095,33.09376231042493
189.25547665993383,-1.5416125592443035,33.09702134391924
189.50547665993383,-1.5414293773352732,33.09985016074898
189.75547665993383,-1.5405826776095828,33.10179104058019
190.00547665993383,-1.5403874379899318,33.10411286659349
190.25547665993383,-1.5405168802031723,33.10723604290206
190.50547665993383,-1.5404168713066853,33.11073971045272
190.75547665993383,-1.540351573053245,33.11411632111021
191.00547665993383,-1.5399739533684769,33.11711806589648
191.25547665993383,-1.5394679227131707,33.120834427368116
191.50547665993383,-1.5384272435959592,33.12490115641094
191.75547665993383,-1.5378895816853944,33.12909548026363
192.00547665993383,-1.5381959885285708,33.13337533882268
192.25547665993383,-1.5379164658405993,33.13718888028935
192.50547665993383,-1.5376387467505888,33.140624687050874
192.75547665993383,-1.5373302080327698,33.14485616157109
193.00547665993383,-1.5365180840796049,33.14894233231413
193.25547665993383,-1.5353788907778194,33.152227568305996
193.50547665993383,-1.5343942261735954,33.155966753850635
193.75547665993383,-1.5331886336160043,33.16095723894769
194.00547665993383,-1.5313015563147685,33.16527211347022
194.25547665993383,-1.5293605202497187,33.168315430160476
194.50547665993383,-1.528310707730596,33.17157110611073
194.75547665993383,-1.5278020151328384,33.175427323161045
195.00547665993383,-1.5267693226698964,33.17868712298568
195.25547665993383,-1.5257819106285144,33.181947767466255
195.50547665993383,-1.5254836956434257,33.18547424513488
195.75547665993383,-1.5260413650910463,33.19048505959576
196.00547665993383,-1.5264363925951752,33.19652785127303
196.25547665993383,-1.5258753046087479,33.20235468240944
196.50547665993383,-1.5249292625927353,33.20788646820299
196.75547665993383,-1.523924765690185,33.212659005157924
197.00547665993383,-1.5226246440409807,33.21655231207379
197.25547665993383,-1.521711178410057,33.2197412244246
197.50547665993383,-1.5209582282831589,33.22244897193123
197.75547665993383,-1.519682154219704,33.22514699897345
198.00547665993383,-1.5190354694842279,33.228258927885015
198.25547665993383,-1.5184104714960338,33.23027657818414
198.50547665993383,-1.5180789597295095,33.23220709404887
198.75547665993383,-1.5178125019985096,33.234231814177114
199.00547665993383,-1.5172068425485057,33.236119667289174
199.25547665993383,-1.516626045249995,33.238666829600675
199.50547665993383,-1.5158895636093273,33.24085334576439
199.75547665993383,-1.5155095340073936,33.24386254027948
200.00547665993383,-1.5150866834925587,33.24672271782137
200.25547665993383,-1.5144594096732216,33.24909874243337
200.50547665993383,-1.5134509497147683,33.252296780092244
200.75547665993383,-1.5112743111207756,33.25626820063011
201.00547665993383,-1.5100582142726564,33.26074910321233
201.25547665993383,-1.5091904550887936,33.265729171076934
201.50547665993383,-1.5077493071213053,33.27004559989654
201.75547665993383,-1.506250098049808,33.2732482127695
202.00547665993383,-1.505446850607978,33.27634007641276
202.25547665993383,-1.5048305370993564,33.27911307512182
202.50547665993383,-1.503979166585222,33.2824674261216
202.75547665993383,-1.5030362633406016,33.28624364785265
203.00547665993383,-1.501608577741622,33.28975963012934
203.25547665993383,-1.4997949138299858,33.29338662306146
203.50547665993383,-1.4987720752863614,33.29759492251324
203.75547665993383,-1.4977593291095914,33.30031812326155
204.00547665993383,-1.496478034166602,33.303574900218045
204.25547665993383,-1.4953156998415287,33.30659054983922
204.50547665993383,-1.4944956930295683,33.30882592967289
204.75547665993383,-1.4936737356383873,33.31163563185066
205.00547665993383,-1.4923519739706992,33.3145960901411
205.25547665993383,-1.490469108401654,33.319524050567416
205.50547665993383,-1.4882576180399978,33.32473391527939
205.75547665993383,-1.486216775495452,33.3297783510557
206.00547665993383,-1.4842535580086917,33.334917565595894
206.25547665993383,-1.4818836761175296,33.339423100997664
206.50547665993383,-1.4797875910718896,33.34397089956289
206.75547665993383,-1.4784477520790111,33.34700375290367
207.00547665993383,-1.4770793081113776,33.351353009869996
207.25547665993383,-1.4750831390130823,33.35695016769831
207.50547665993383,-1.4727568640123103,33.36086565862489
207.75547665993383,-1.4707023780559982,33.36312749430363
208.00547665993383,-1.4692824617864548,33.3653107360018
208.25547665993383,-1.4683572930246154,33.36787816322171
208.50547665993383,-1.4657913967201748,33.37204793279648
208.75547665993383,-1.4628272049724456,33.37777514248548
209.00547665993383,-1.4615740700639737,33.383324007863315
209.25547665993383,-1.45953881119641,33.38841503164813
209.50547665993383,-1.4557912546248952,33.39519248725595
209.75547665993383,-1.4525434170401,33.39949450358552
210.00547665993383,-1.4507877739447907,33.403884728301016
210.25547665993383,-1.4486670848614214,33.4092647239127
210.50547665993383,-1.4452285646551104,33.41376377207474
210.75547665993383,-1.442706840045428,33.420610953995244
211.00547665993383,-1.4397386572203583,33.42518620021671
211.25547665993383,-1.436374316043212,33.42998305878011
211.50547665993383,-1.433770852956167,33.43485399921834
211.75547665993383,-1.4319181218788684,33.43929190266494
212.00547665993383,-1.4297569326326494,33.44530436961668
212.25547665993383,-1.4272587783936956,33.450433891825
212.50547665993383,-1.4238765584489355,33.45555467876769
212.75547665993383,-1.4210980921669332,33.46023966803921
213.00547665993383,-1.4177049695078465,33.466277457653476
213.25547665993383,-1.413076866055448,33.47360174855363
213.50547665993383,-1.4109936036769994,33.47703994269841
213.75547665993383,-1.4088397122763923,33.480104741223236
214.00547665993383,-1.405590844290865,33.48538460997221
214.25547665993383,-1.4024258976741453,33.49127999460816
214.50547665993383,-1.400245308611412,33.49664761242419
214.75547665993383,-1.3985011198124737,33.502225877343946
215.00547665993383,-1.396327915559872,33.506918504390626
215.25547665993383,-1.3937125742882561,33.51183558907658
215.50547665993383,-1.391616969036567,33.51628926688184
215.75547665993383,-1.3896167961547967,33.52022687572466
216.00547665993383,-1.386929296589792,33.52437720700486
216.25547665993383,-1.3843102700135779,33.52847352749529
216.50547665993383,-1.3816962580456724,33.53295815430781
216.75547665993383,-1.3785862044840451,33.53808308160692
217.00547665993383,-1.3754387666402823,33.543810107673465
217.25547665993383,-1.3722538534598787,33.549606764839034
217.50547665993383,-1.3685293131939513,33.55519285636829
217.75547665993383,-1.3650311262393287,33.561514220454804
218.00547665993383,-1.3609907251166342,33.56890030146588
218.25547665993383,-1.3555298926104802,33.5779639937859
218.50547665993383,-1.3499384733791575,33.58766293866392
218.75547665993383,-1.345347147031497,33.59620141987546
219.00547665993383,-1.3405168905917932,33.60367976529273
219.25547665993383,-1.335326592739257,33.6113983380159
219.50547665993383,-1.3312395492846583,33.617765181605215
219.75547665993383,-1.3261326992111027,33.62421889146732
220.00547665993383,-1.3197816635805981,33.632075336407006
220.25547665993383,-1.3143473855960328,33.640484049797486
220.50547665993383,-1.309251264133968,33.6490399631896
220.75547665993383,-1.3057109218115734,33.656911740604045
221.00547665993383,-1.3018969499433881,33.665001368021635
221.25547665993383,-1.297168865784052,33.6729261365129
221.50547665993383,-1.2917671232588999,33.68092678536851
221.75547665993383,-1.2860038844194792,33.689510972417374
222.00547665993383,-1.2819367668121218,33.69565708462088
222.25547665993383,-1.2783448814053184,33.70103756770916
222.50547665993383,-1.2749983332238173,33.70566170389296
222.75547665993383,-1.2721562618438529,33.70972411298341
223.00547665993383,-1.2695330317492508,33.713953540323516
223.25547665993383,-1.2669408060390848,33.71800854066864
223.50547665993383,-1.264767589981076,33.72239762831441
223.75547665993383,-1.2626425762965472,33.7256284979219
224.00547665993383,-1.2605209301293177,33.728286863252066
224.25547665993383,-1.258700716457255,33.731336197610005
224.50547665993383,-1.2569802938158476,33.73475748293474
224.75547665993383,-1.2546578752955946,33.73876457550497
225.00547665993383,-1.2521703485745854,33.741910215596526
225.25547665993383,-1.249925579457337,33.745981619176064
225.50547665993383,-1.2471987730774523,33.75021540857772
225.75547665993383,-1.2440237536601653,33.75367719195867
226.00547665993383,-1.2413155242874698,33.75827176377666
226.25547665993383,-1.2381228618362417,33.763945342841055
226.50547665993383,-1.2349833617246464,33.76981665382307
226.75547665993383,-1.2312402233366042,33.77703211960821
227.00547665993383,-1.2270279011235752,33.78451414466891
227.25547665993383,-1.2231286609469454,33.790381022066356
227.50547665993383,-1.2192020199397453,33.79632114876026
227.75547665993383,-1.2154052163028015,33.80380346190396
228.00547665993383,-1.2117429903383883,33.81079206044059
228.25547665993383,-1.20849653203738,33.81691065672332
228.50547665993383,-1.2052699229574717,33.822815319008775
228.75547665993383,-1.2012360741957042,33.82850496543304
229.00547665993383,-1.1972745583023334,33.83490475085369
229.25547665993383,-1.1941194610336026,33.84070587127764
229.50547665993383,-1.1918911503539178,33.846959089639995
229.75547665993383,-1.189676780159863,33.85379067303565
230.00547665993383,-1.1864368155245004,33.859761344496015
230.25547665993383,-1.1824235374464385,33.86483364567413
230.50547665993383,-1.1787208659309563,33.86957157726656
230.75547665993383,-1.1751127229231944,33.87429166362706
231.00547665993383,-1.1717964608291418,33.87935147667495
231.25547665993383,-1.1689728906375476,33.884373926239036
231.50547665993383,-1.1656304300912317,33.88903418773622
231.75547665993383,-1.1607855877382147,33.89415036549944
232.00547665993383,-1.1569908548946992,33.899384943215324
232.25547665993383,-1.1527383877858157,33.90573524468873
232.50547665993383,-1.1471514041071798,33.914291936609885
232.75547665993383,-1.141223771949003,33.92296260193228
233.00547665993383,-1.1359816737915398,33.92860967476938
233.25547665993383,-1.1325814865423554,33.93384476578397
233.50547665993383,-1.1291174969377318,33.93759370833292
233.75547665993383,-1.1251417630732692,33.940761921380584
234.00547665993383,-1.1210439214106014,33.94487672478892
234.25547665993383,-1.1166807497726108,33.949926645442645
234.50547665993383,-1.111973151341879,33.95542845483435
234.75547665993383,-1.1068718741121828,33.96064592778469
235.00547665993383,-1.1008291105883612,33.96554030740432
235.25547665993383,-1.0947892583080632,33.97077672926025
235.50547665993383,-1.0888946158246666,33.97607768876969
235.75547665993383,-1.0816016767812184,33.98040017022645
236.00547665993383,-1.0740066078172978,33.98422355694934
236.25547665993383,-1.0695348193067546,33.98701900810019
236.50547665993383,-1.0666246321179147,33.98961046852803
236.75547665993383,-1.062185960094202,33.99344283725054
237.00547665993383,-1.0561747708984417,33.999962023880215
237.25547665993383,-1.0492386403662697,34.00868845458675
237.50547665993383,-1.0369875109710411,34.01424897859588
237.75547665993383,-1.0219802270468827,34.02245080379268
238.00547665993383,-1.0136219764264494,34.02854991571457
238.25547665993383,-1.009205013489411,34.03169002002876
238.50547665993383,-1.0000428010819724,34.03866284272854
238.75547665993383,-0.996364814713239,34.0417348791965
239.00547665993383,-0.9957830066995498,34.04291137960477
239.25547665993383,-0.9924358284724843,34.046563301291506
239.50547665993383,-0.9868277490363413,34.05259879798999
239.75547665993383,-0.9831586471946943,34.05710008708937
240.00547665993383,-0.9819544023100595,34.057869048120054
240.25547665993383,-0.9802631728663032,34.05919824064126
240.50547665993383,-0.9740338774926497,34.06796698233231
240.75547665993383,-0.9696683219785568,34.074843359644376
241.00547665993383,-0.9643431304558973,34.077904888095034
241.25547665993383,-0.9522759371969476,34.086169111839155
241.50547665993383,-0.9506677218759617,34.08996911320769
241.75547665993383,-0.9405515791056863,34.09415654178519
242.00547665993383,-0.9319539195826221,34.101566191158064
242.25547665993383,-0.9258138253676523,34.1074713395282
242.50547665993383,-0.9144269758258727,34.1102135247546
242.75547665993383,-0.9073105692749528,34.11411711125623
243.00547665993383,-0.9054523698634812,34.11581042500312
243.25547665993383,-0.9018252029055965,34.11843599795637
243.50547665993383,-0.8927854818089725,34.12281113138831
243.75547665993383,-0.8856592024556696,34.12639278726196
244.00547665993383,-0.8855906467361515,34.12774854988296
244.25547665993383,-0.8841575824063393,34.1283424831627
244.50547665993383,-0.8839203200307233,34.12959219450263
244.75547665993383,-0.8776224405711682,34.13418324942366
245.00547665993383,-0.8708234743004001,34.14088407990232
245.25547665993383,-0.8657998991173859,34.14624943628658
245.50547665993383,-0.8538903456889718,34.1504291431184
245.75547665993383,-0.8481470617282448,34.15642486264805
246.00547665993383,-0.8391068733225253,34.1586971105763
246.25547665993383,-0.8265416951308537,34.16217961080314
246.50547665993383,-0.8186302494074306,34.16707617227997
246.75547665993383,-0.8179655081383086,34.16841288007079
247.00547665993383,-0.8173195414532576,34.17168752626078
247.25547665993383,-0.8055470872402465,34.176516046706446
247.50547665993383,-0.7962201461852887,34.18191437531644
247.75547665993383,-0.7945742759006603,34.1852061182052
248.00547665993383,-0.7937685288392662,34.18540232682524
248.25547665993383,-0.7914647084367457,34.18513182303271
248.50547665993383,-0.7905932449595702,34.18576061361267
248.75547665993383,-0.7912314795846135,34.187915494570944
249.00547665993383,-0.785641203542275,34.19386749628652
249.25547665993383,-0.7781249413209393,34.19992846796457
249.50547665993383,-0.7775118021128321,34.2011085616268
249.75547665993383,-0.7762010703462358,34.20119028824432
250.00547665993383,-0.7741767080240763,34.20175917511403
250.25547665993383,-0.7746568831048173,34.20314416362821
250.50547665993383,-0.7677021056686524,34.20813404415619
250.75547665993383,-0.7549542425156583,34.214681730917086
251.00547665993383,-0.7530159793780786,34.216579963055686
251.25547665993383,-0.7518961163755425,34.21722371361174
251.50547665993383,-0.7508352884813788,34.217447534869684
251.75547665993383,-0.749308732882481,34.22263865715659
252.00547665993383,-0.7419104559121024,34.22778368995715
252.25547665993383,-0.7295467972775086,34.22748889152639
252.50547665993383,-0.7239461875934472,34.23158195573574
252.75547665993383,-0.7223468640509252,34.23260015764954
253.00547665993383,-0.7213865193522033,34.23243738960333
253.25547665993383,-0.7204866782552855,34.232605640876486
253.50547665993383,-0.7191719117523873,34.23412441514744
253.75547665993383,-0.7162629614378699,34.238466066833055
254.00547665993383,-0.7120144305744254,34.24047620274592
254.25547665993383,-0.7058183465410018,34.24577178429761
254.50547665993383,-0.6985205123520923,34.249782965075454
254.75547665993383,-0.6908834249141583,34.2519168859492
255.00547665993383,-0.6823604508776625,34.25571674273533
255.25547665993383,-0.6737774745114834,34.257422812217605
255.50547665993383,-0.6701447147261728,34.2594528965172
255.75547665993383,-0.6670111888512456,34.260996942121956
256.00547665993383,-0.6632373112422539,34.262236763802235
256.25547665993383,-0.659897618332794,34.26394626824619
256.50547665993383,-0.655308338058185,34.265903798410015
256.75547665993383,-0.6496233741178813,34.26901002593661
257.00547665993383,-0.6438580310615594,34.27279290145166
257.25547665993383,-0.6379417942278,34.275438710538594
257.50547665993383,-0.6321892973189214,34.276806256233776
257.75547665993383,-0.6272465051720936,34.27853327129991
258.00547665993383,-0.6224076790470459,34.28113906702192
258.25547665993383,-0.6168895333064265,34.2837225424575
258.50547665993383,-0.6109592698710896,34.28649131972202
258.75547665993383,-0.6051722127364941,34.289162514858496
259.00547665993383,-0.6001878666746759,34.291183705240364
259.25547665993383,-0.5965273802349966,34.29276898700001
259.50547665993383,-0.5935441822260873,34.29429887110527
259.75547665993383,-0.5899134654434847,34.296083133060144
260.00547665993383,-0.585890573381979,34.29742288043818
260.25547665993383,-0.5826374821919584,34.298657451341064
260.50547665993383,-0.5803870793603406,34.300192312007376
260.75547665993383,-0.578090323746288,34.30098887594742
261.00547665993383,-0.5754180994797249,34.30255287089303
261.25547665993383,-0.5727685562803051,34.30424570036696
261.50547665993383,-0.5697783691280462,34.305428344273835
261.75547665993383,-0.5666426115558163,34.30645654250989
262.00547665993383,-0.5642767504694335,34.30781967700436
262.25547665993383,-0.5619506652015972,34.309452216927234
262.50547665993383,-0.5592328754340127,34.310873087200235
262.75547665993383,-0.5558861527292334,34.31244437472966
263.00547665993383,-0.5521541147137469,34.314612981574115
263.25547665993383,-0.5483710891682873,34.317045577568514
263.50547665993383,-0.5442522698671766,34.319024455140955
263.75547665993383,-0.5395920893044039,34.3207879775503
264.00547665993383,-0.53476419168972,34.32314153430093
264.25547665993383,-0.5298377064319689,34.325788192390675
264.50547665993383,-0.5248914488116986,34.32822349958912
264.75547665993383,-0.5202910251270545,34.33060274660836
265.00547665993383,-0.515803938823156,34.33245454401402
265.25547665993383,-0.51161096681081,34.3344197476724
265.50547665993383,-0.5074207875838768,34.33627386292673
265.75547665993383,-0.5032917218439998,34.337992476785
266.00547665993383,-0.4995043727426546,34.3397865389904
266.25547665993383,-0.49570304879504495,34.34109867417005
266.50547665993383,-0.49231071787452835,34.34281604787138
266.75547665993383,-0.48881863197176423,34.34432275026422
267.00547665993383,-0.48536296600947265,34.345680018985966
267.25547665993383,-0.4822018579332489,34.34734689909358
267.50547665993383,-0.4788217876996626,34.34883919452434
267.75547665993383,-0.4754196464092479,34.35009438130158
268.00547665993383,-0.47213991735348754,34.35171527985839
268.25547665993383,-0.468806307297436,34.353216256420595
268.50547665993383,-0.4655032605834195,34.35443012121415
268.75547665993383,-0.46242762291116946,34.355835175777315
269.00547665993383,-0.4592329086040357,34.357007761397526
269.25547665993383,-0.4561038715395016,34.35826720866928
269.50547665993383,-0.4530897719870536,34.359550873815834
269.75547665993383,-0.4500569427629811,34.360900400170756
270.00547665993383,-0.44681154595671946,34.36222019338068
270.25547665993383,-0.44344139405822813,34.36321539242761
270.50547665993383,-0.44059644072143195,34.36473863557187
270.75547665993383,-0.4373678734392314,34.36625424867891
271.00547665993383,-0.4335633429499529,34.36854186332685
271.25547665993383,-0.42876138055815594,34.37092085199577
271.50547665993383,-0.4230720793057443,34.37183554666376
271.75547665993383,-0.41890352546886095,34.3733360296435
272.00547665993383,-0.4144861872469386,34.37499332453132
272.25547665993383,-0.4102096979680348,34.37714958687124
272.50547665993383,-0.4062847407923277,34.3794065469157
272.75547665993383,-0.4021205092268301,34.38109331762501
273.00547665993383,-0.3981194280466584,34.38278475777053
273.25547665993383,-0.39432996257387537,34.38437002172436
273.50547665993383,-0.3906609724278858,34.3863912681909
273.75547665993383,-0.3863814774772509,34.38761376308133
274.00547665993383,-0.38254514496404574,34.38798814305834
274.25547665993383,-0.38094812637753256,34.38907506619274
274.50547665993383,-0.3794003221682968,34.389721095807396
274.75547665993383,-0.3766959050716601,34.391128281555375
275.00547665993383,-0.3734918918391287,34.39277174485855
275.25547665993383,-0.3701594907702258,34.39425038314622
275.50547665993383,-0.3664054097489297,34.39588592399739
275.75547665993383,-0.36254365463928917,34.39746513772616
276.00547665993383,-0.35907810433095855,34.399606092981045
276.25547665993383,-0.35504151671797224,34.401009898681735
276.50547665993383,-0.35019417565344463,34.401843971476715
276.75547665993383,-0.3464468808742273,34.40262239582045
277.00547665993383,-0.3454344227016741,34.40287561083225
277.25547665993383,-0.34462013680976644,34.40354847486057
277.50547665993383,-0.34195931060386453,34.40521811170508
277.75547665993383,-0.33744633547262876,34.407556694206924
278.00547665993383,-0.3323649140569054,34.409964397353995
278.25547665993383,-0.3272164817203923,34.41234523470538
278.50547665993383,-0.32082339882496147,34.41454515717251
278.75547665993383,-0.31369733725138177,34.41477074038498
279.00547665993383,-0.310671738111123,34.41505107621739
279.25547665993383,-0.31085808221266564,34.415828895522665
279.50547665993383,-0.30943398775160336,34.417231167993556
279.75547665993383,-0.3045945131331172,34.42032934584456
280.00547665993383,-0.2975847382252452,34.42336575379629
280.25547665993383,-0.2899955459604456,34.427110309622186
280.50547665993383,-0.2803892726951477,34.428340531308706
280.75547665993383,-0.2735305414987222,34.42799999416266
281.00547665993383,-0.27320503359417936,34.429035829736755
281.25547665993383,-0.27232092473958575,34.428919447556254
281.50547665993383,-0.2715213342655899,34.42910442953027
281.75547665993383,-0.2704141849647788,34.42987297680106
282.00547665993383,-0.26576987386341855,34.431436886040665
282.25547665993383,-0.260003597683061,34.43288825966692
282.50547665993383,-0.2586233948214871,34.43350186854143
282.75547665993383,-0.25426497816528704,34.437188175539525
283.00547665993383,-0.24759442134217688,34.44168335897774
283.25547665993383,-0.23630072974957464,34.44311557243135
283.50547665993383,-0.22563488520787975,34.442903451328085
283.75547665993383,-0.22435689635273867,34.44476812423464
284.00547665993383,-0.22331247825560677,34.447041987317405
284.25547665993383,-0.2129500239112107,34.45012838944865
284.50547665993383,-0.197869988943496,34.45136739554921
284.75547665993383,-0.1894860017905322,34.45139034489619
285.00547665993383,-0.19020628925372682,34.45285603553695
285.25547665993383,-0.18975220420199568,34.45419179082609
285.50547665993383,-0.18426478574130875,34.453879164693085
285.75547665993383,-0.1792748980409252,34.455366534649364
286.00547665993383,-0.17767265625944048,34.45664712414346
286.25547665993383,-0.17672914919234095,34.45856698474618
286.50547665993383,-0.1728550420279944,34.46445941269077
286.75547665993383,-0.16535924725746315,34.465467824250034
287.00547665993383,-0.15511308191346831,34.46851600426819
287.25547665993383,-0.15018806191653938,34.47157954746182
287.50547665993383,-0.15071830213406814,34.47178892419539
287.75547665993383,-0.15027851893575656,34.47167748311217
288.00547665993383,-0.15001810373303784,34.47163056472445
288.25547665993383,-0.1494093510419455,34.47149889890355
288.50547665993383,-0.14894738559451037,34.47137016227677
288.75547665993383,-0.1482272429092923,34.47129659946212
289.00547665993383,-0.14807584929146855,34.471747543408306
289.25547665993383,-0.14834184212415524,34.47373169122138
289.50547665993383,-0.1416279806424234,34.47744489853236
289.75547665993383,-0.13172352724527456,34.481123838431095
290.00547665993383,-0.12736166849746847,34.483323229370605
290.25547665993383,-0.12806513641422868,34.48396613457293
290.50547665993383,-0.12746570331982832,34.484031171467706
290.75547665993383,-0.12698754969571746,34.48466644802636
291.00547665993383,-0.12843058319738251,34.48655447173819
291.25547665993383,-0.11918938530325608,34.490403670153654
291.50547665993383,-0.1094772756106908,34.494148561158696
291.75547665993383,-0.11085678258320038,34.49558575152064
292.00547665993383,-0.11048956619179309,34.49559423400146
292.25547665993383,-0.10981384409483198,34.4952783113443
292.50547665993383,-0.10908334687402771,34.49481767646205
292.75547665993383,-0.10870964935330878,34.49470797924679
293.00547665993383,-0.1079935986150746,34.494885846257475
293.25547665993383,-0.10755687372222769,34.49547599570218
293.50547665993383,-0.10982608266277925,34.49849409805394
293.75547665993383,-0.09816273010392541,34.50304708874082
294.00547665993383,-0.08425272202881112,34.50777335985762
294.25547665993383,-0.07989443947465867,34.510867350836264
294.50547665993383,-0.08013094016479257,34.511600467991904
294.75547665993383,-0.0797643094984749,34.51157795197114
295.00547665993383,-0.07928726086516123,34.51136830902014
295.25547665993383,-0.07887442953202485,34.51126909394848
295.50547665993383,-0.07819452463279385,34.511046736792544
295.75547665993383,-0.07743868972846363,34.51082239333591
296.00547665993383,-0.07654768798983348,34.51095050804076
296.25547665993383,-0.07513442960100565,34.511055670566314
296.50547665993383,-0.07761971634771041,34.51387289313399
296.75547665993383,-0.06885559643766492,34.519015568281866
297.00547665993383,-0.049326352678118184,34.523670507480404
297.25547665993383,-0.03868381564923204,34.52660232625558
297.50547665993383,-0.038393415648976206,34.528780233102395
297.75547665993383,-0.0382645416761749,34.5285456768965
298.00547665993383,-0.03745439203001955,34.52808313590457
298.25547665993383,-0.03719597129456367,34.52811775224498
298.50547665993383,-0.036910582240242504,34.52789056604427
298.75547665993383,-0.03636294714822357,34.528003737012384
299.00547665993383,-0.03502034702248811,34.52819693336387
299.25547665993383,-0.037596178638913506,34.5309246181258
299.50547665993383,-0.02901243908134264,34.53556802971997
299.75547665993383,-0.01260551715020488,34.539896335677625
300.00547665993383,-0.010622396898663095,34.54256286487065
300.25547665993383,-0.008805089409734748,34.54251664594799
300.50547665993383,-0.007866983595486656,34.54237849351696
300.75547665993383,-0.007753143830875144,34.542448145476826
301.00547665993383,-0.007152110669908373,34.54217792683307
301.25547665993383,-0.0066921252601959535,34.541930869398556
301.50547665993383,-0.006162064835859545,34.54189276921578
301.75547665993383,-0.005221914156749422,34.54228892613608
302.00547665993383,-0.006483085843259269,34.54400468077735
302.25547665993383,0.00039069465072404564,34.54742722275394
302.50547665993383,0.01586905951651021,34.55085633895622
302.75547665993383,0.018114231040261213,34.55180929148426
303.00547665993383,0.01789462461647929,34.55178733839308
303.25547665993383,0.018276127805092152,34.55240154692841
303.50547665993383,0.019192758536978966,34.552523891960476
303.75547665993383,0.021442798383269672,34.55166972318065
304.00547665993383,0.021890841690186246,34.55226509609397
304.25547665993383,0.017772038591562907,34.556037370767726
304.50547665993383,0.034499326792888724,34.5617146232153
304.75547665993383,0.049075904960325954,34.56608821314978
305.00547665993383,0.04751830326956875,34.56765262646088
305.25547665993383,0.04788805889279667,34.56765177717239
305.50547665993383,0.04763590647997774,34.56760774113519
305.75547665993383,0.04755138526669239,34.5676927068179
306.00547665993383,0.04779601451780502,34.56778503376432
306.25547665993383,0.04799172061290017,34.56775152571907
306.50547665993383,0.04815170763739534,34.56765189819879
306.75547665993383,0.04831591057636682,34.56771013194693
307.00547665993383,0.048765087822961295,34.567591232549304
307.25547665993383,0.04899950066497525,34.56758119315715
307.50547665993383,0.049257341690788145,34.56750974626044
307.75547665993383,0.04986768581486487,34.56722513109199
308.00547665993383,0.05035744424443034,34.56715780746617
308.25547665993383,0.050999693504504756,34.5669456605655
308.50547665993383,0.05167875305137154,34.56668759543441
308.75547665993383,0.05222913274466447,34.567833983385874
309.00547665993383,0.052400404098085766,34.56946241336651
309.25547665993383,0.05752846924453145,34.570595505843535
309.50547665993383,0.07546181297353152,34.57498436725849
309.75547665993383,0.08100547967865954,34.577629274999666
310.00547665993383,0.07965593533599785,34.578383210960006
310.25547665993383,0.08093709406510999,34.57879560716184
310.50547665993383,0.08199896321078115,34.578699158440145
310.75547665993383,0.08350270461228616,34.578973961933286
311.00547665993383,0.08172353229717316,34.58198026163384
311.25547665993383,0.08905366830080975,34.585513157431784
311.50547665993383,0.10483157537650252,34.5885108126721
311.75547665993383,0.11438426406519472,34.59149699790816
312.00547665993383,0.11431415054648092,34.59319288449093
312.25547665993383,0.11391434463178461,34.593397973851836
312.50547665993383,0.11395544516933635,34.59301380657761
312.75547665993383,0.1132709229624628,34.59307766575195
313.00547665993383,0.11300894884022371,34.59333501861955
313.25547665993383,0.11390086495958447,34.592981148018204
313.50547665993383,0.11426033943492936,34.59286921969754
313.75547665993383,0.11501916600055584,34.592713068013914
314.00547665993383,0.1153831673933567,34.59245292554566
314.25547665993383,0.11610760855372901,34.59237662148829
314.50547665993383,0.11775898020611615,34.59236118459671
314.75547665993383,0.1177654316110852,34.59189276136253
315.00547665993383,0.11974189686050188,34.592073746366644
315.25547665993383,0.1145873969537278,34.59629695179527
315.50547665993383,0.12794554200370584,34.60135512523131
315.75547665993383,0.16120327327181708,34.60470825247615
316.00547665993383,0.16025980940005208,34.609988570771684
316.25547665993383,0.15902515602244346,34.61061903328007
316.50547665993383,0.16012236120826626,34.61014344959643
316.75547665993383,0.15994855110848394,34.6104027066733
317.00547665993383,0.16063813232540008,34.61014732314848
317.25547665993383,0.16130670837223265,34.609773098071265
317.50547665993383,0.16216543130859373,34.60952454059272
317.75547665993383,0.16243923161531537,34.60952739421718
318.00547665993383,0.1640471962339476,34.609418175504956
318.25547665993383,0.1625892615524191,34.610738113671324
318.50547665993383,0.1624168349729506,34.615528848787875
318.75547665993383,0.18567694978675112,34.62187137377692
319.00547665993383,0.19725267749128136,34.626689311552276
319.25547665993383,0.1975677049506495,34.62873538050154
319.50547665993383,0.19813399757920022,34.628819774081244
319.75547665993383,0.19843602889569978,34.628643654838555
320.00547665993383,0.19851240470232054,34.62903467392292
320.25547665993383,0.19888595932185202,34.62875948998831
320.50547665993383,0.1992233801104022,34.62864115709584
320.75547665993383,0.19978296611768323,34.628486358959115
321.00547665993383,0.20065348337993982,34.62788586171625
321.25547665993383,0.2009698647284258,34.62792495272738
321.50547665993383,0.201520942927639,34.62759080416708
321.75547665993383,0.20291163884750932,34.627316593601876
322.00547665993383,0.20232281416752948,34.62820278914543
322.25547665993383,0.2046254724342893,34.62983971216535
322.50547665993383,0.21578376167525476,34.631232558552355
322.75547665993383,0.21811681897850188,34.6338111296138
323.00547665993383,0.22604948835525437,34.63548068304465
323.25547665993383,0.23645262081029172,34.64260207781325
323.50547665993383,0.24525310946723416,34.65054841141189
323.75547665993383,0.2585973622975562,34.64861601261803
324.00547665993383,0.26746075712542333,34.648282914750524
324.25547665993383,0.2684271596494223,34.64995012908074
324.50547665993383,0.26781445489340877,34.650297254875724
324.75547665993383,0.2682630980478038,34.64991719351669
325.00547665993383,0.267758765131086,34.65049941611467
325.25547665993383,0.26790786573793307,34.65026818107736
325.50547665993383,0.26835445904455885,34.650175540478436
325.75547665993383,0.26849792196536554,34.6502352704289
326.00547665993383,0.26867206513498615,34.65025838483789
326.25547665993383,0.2690617370697325,34.65024867924393
326.50547665993383,0.26922016763031786,34.65015047522763
326.75547665993383,0.26960051636778315,34.65014866398252
327.00547665993383,0.2700342098741037,34.649952953756674
327.25547665993383,0.27046525318725906,34.64970745967202
327.50547665993383,0.2710450920269463,34.64961381724726
327.75547665993383,0.27168287377179207,34.649469162674926
328.00547665993383,0.27230296233170576,34.64903680966928
328.25547665993383,0.27400988657842934,34.648486305495304
328.50547665993383,0.2719825747050473,34.65040223163376
328.75547665993383,0.27613171495173766,34.65435189574834
329.00547665993383,0.29404603008707086,34.6571718067706
329.25547665993383,0.30405800771064967,34.65856891856174
329.50547665993383,0.3055903426186068,34.65935993493096
329.75547665993383,0.30659484613064136,34.659250814793054
330.00547665993383,0.3052024440217306,34.660795653515905
330.25547665993383,0.30623744088783245,34.66444530258248
330.50547665993383,0.32366738157824504,34.66604911219699
330.75547665993383,0.3329099184032778,34.66870273719095
331.00547665993383,0.3339145296878382,34.67046231208193
331.25547665993383,0.3336918079274136,34.67085471913422
331.50547665993383,0.3338370482061419,34.6710736124047
331.75547665993383,0.333912789970993,34.671060505803844
332.00547665993383,0.33400349342941854,34.67112727460544
332.25547665993383,0.3341733608501733,34.67094445634999
332.50547665993383,0.3342550395606811,34.67093423899723
332.75547665993383,0.3342749781846191,34.67118785418914
333.00547665993383,0.3344872233625596,34.67110995178123
333.25547665993383,0.3349046165923811,34.67077444898175
333.50547665993383,0.3353335226490915,34.67079549557202
333.75547665993383,0.3357184227093123,34.670800612793585
334.00547665993383,0.33621722305942714,34.67054981156082
334.25547665993383,0.33686531827531746,34.67031422139828
334.50547665993383,0.3375330163378233,34.670206293603954
334.75547665993383,0.33856846988556266,34.67027975669886
335.00547665993383,0.3392669880379245,34.67099333238888
335.25547665993383,0.33928995910815174,34.67250909559262
335.50547665993383,0.34619523108790895,34.67553626146411
335.75547665993383,0.3638485192345998,34.68025026335568
336.00547665993383,0.36707164912756096,34.68279541404031
336.25547665993383,0.36662270189158486,34.682993800525594
336.50547665993383,0.3678709661199061,34.682654048378
336.75547665993383,0.36805088059028174,34.68260619012275
337.00547665993383,0.36868017689316845,34.682409769098435
337.25547665993383,0.3694642503267401,34.68221185183506
337.50547665993383,0.3697374901450914,34.682662759885815
337.75547665993383,0.37059775706291403,34.68437244047685
338.00547665993383,0.3786203355496322,34.68635838444072
338.25547665993383,0.3915997768893613,34.68772493241337
338.50547665993383,0.39234186196458615,34.689455661987374
338.75547665993383,0.39284938821782356,34.689808560316216
339.00547665993383,0.39115166493324693,34.69151315430897
339.25547665993383,0.39497938309163305,34.69505452457166
339.50547665993383,0.4108656512687345,34.69786631105943
339.75547665993383,0.4212250225124006,34.69951950700492
340.00547665993383,0.4222050574056774,34.70101715378843
340.25547665993383,0.4217441442485662,34.70129798665187
340.50547665993383,0.42212981501045255,34.70117055803431
340.75547665993383,0.42202404238798463,34.70143655348923
341.00547665993383,0.4224750231950461,34.701205269596755
341.25547665993383,0.42293366242169494,34.70095887700964
341.50547665993383,0.42330502908859435,34.70087603786133
341.75547665993383,0.42368785324413133,34.70084235562679
342.00547665993383,0.42415983068969854,34.70066565517996
342.25547665993383,0.4250583980043676,34.70028842976044
342.50547665993383,0.42599858735213575,34.70033312691436
342.75547665993383,0.4238137501339768,34.702702456475684
343.00547665993383,0.43027343626546194,34.706549799836246
343.25547665993383,0.4439505659075646,34.710119420369644
343.50547665993383,0.4510995632094019,34.71251472435311
343.75547665993383,0.4520453805899343,34.713479715735275
344.00547665993383,0.45237611471895456,34.71339039109106
344.25547665993383,0.45278074301244214,34.71317897586584
344.50547665993383,0.45278218220024086,34.71317877736891
344.75547665993383,0.45299519510367176,34.713053227162604
345.00547665993383,0.45363961552221227,34.712689745311586
345.25547665993383,0.45392684372858383,34.712620488846426
345.50547665993383,0.4543647338290453,34.712675937515655
345.75547665993383,0.4551648621608241,34.712392092731335
346.00547665993383,0.45560714164533966,34.71278718342257
346.25547665993383,0.45543538259906174,34.71488627124483
346.50547665993383,0.4586656653011619,34.71683597502779
346.75547665993383,0.47590248696323434,34.7216386336817
347.00547665993383,0.4867337093372631,34.72649923886982
347.25547665993383,0.4841986893215008,34.728158336140936
347.50547665993383,0.48461974802311764,34.72802736014067
347.75547665993383,0.48472269520417927,34.72819150919064
348.00547665993383,0.48463659948718674,34.72834302215036
348.25547665993383,0.4846428685124142,34.72848856513541
348.50547665993383,0.4848199772657048,34.728398105845564
348.75547665993383,0.48512239851177286,34.72801812160846
349.00547665993383,0.4850530555072318,34.728135403135134
349.25547665993383,0.4851597634804706,34.72825543440088
349.50547665993383,0.48522475610654786,34.728374259721456
349.75547665993383,0.4855623845833637,34.72824791094443
350.00547665993383,0.4860612555458117,34.72803232989387
350.25547665993383,0.4859274000822906,34.72826541016343
350.50547665993383,0.48633070841788884,34.72791825136135
350.75547665993383,0.48676438933791244,34.72781419740099
351.00547665993383,0.48717783933888165,34.727785407510616
351.25547665993383,0.48772560421064637,34.72758841204429
351.50547665993383,0.4884987068332872,34.72752056257111
351.75547665993383,0.48972981021504974,34.72713729040281
352.00547665993383,0.48854572558138776,34.7286318732158
352.25547665993383,0.493654284599558,34.731831688856474
352.50547665993383,0.5047229138606906,34.733453642191755
352.75547665993383,0.5106424586584918,34.7326891821333
353.00547665993383,0.511102865365832,34.73358576514411
353.25547665993383,0.5120623148073766,34.73355193303619
353.50547665993383,0.5100543106218053,34.73500935698552
353.75547665993383,0.5148836276818676,34.73783104631082
354.00547665993383,0.5290950027581781,34.739795525386604
354.25547665993383,0.5312343261292339,34.74179519485505
354.50547665993383,0.532276800187961,34.74188286807131
354.75547665993383,0.5331690512528721,34.74156789122938
355.00547665993383,0.5333154160559755,34.74146019726713
355.25547665993383,0.5342623225063186,34.74115083475719
355.50547665993383,0.5351405961398891,34.741253269618696
355.75547665993383,0.5348803689755762,34.74210452075279
356.00547665993383,0.5373055112987237,34.74286136552813
356.25547665993383,0.5467647371882245,34.74447925253858
356.50547665993383,0.5541919614634355,34.747319070985036
356.75547665993383,0.5540541627517519,34.749932026867995
357.00547665993383,0.5671075061368375,34.7517692812502
357.25547665993383,0.5734327784014456,34.75283493270197
357.50547665993383,0.5732493867764177,34.753049619531765
357.75547665993383,0.5734564057400392,34.75317336770832
358.00547665993383,0.5730733209322141,34.75361930408088
358.25547665993383,0.5734452938760632,34.75328196763269
358.50547665993383,0.5735127387728044,34.75306782146454
358.75547665993383,0.5733420301767295,34.75335356447773
359.00547665993383,0.5732931903594494,34.75359068520452
359.25547665993383,0.5733924060982227,34.75345265700907
359.50547665993383,0.5735817674826503,34.753395266657535
359.75547665993383,0.573553636780086,34.75349649541778
360.00547665993383,0.5736104219944065,34.75361178406346
360.25547665993383,0.5738207626558143,34.75363663736076
360.50547665993383,0.5740360496297698,34.75353693959912
360.75547665993383,0.5741601276772833,34.75346716838092
361.00547665993383,0.5740482990499668,34.75374063321836
361.25547665993383,0.5743827800989373,34.75353271343877
361.50547665993383,0.5746324883830467,34.75343403717457
361.75547665993383,0.5746626340632961,34.75353469593535
362.00547665993383,0.5751163836864965,34.75309919544995
362.25547665993383,0.5755853811124284,34.752818735614674
362.50547665993383,0.5759278911438568,34.752692957393165
362.75547665993383,0.5761902927209857,34.75276701576043
363.00547665993383,0.5769005146825036,34.75268251597596
363.25547665993383,0.5771055063921676,34.75291178645605
363.50547665993383,0.5761634820661221,34.7548498910018
363.75547665993383,0.5829347327379779,34.75622178869081
364.00547665993383,0.5935056153420272,34.758260840629816
364.25547665993383,0.5992238974850691,34.76032695695125
364.50547665993383,0.5990102979332405,34.76084385662942
364.75547665993383,0.5990443306600514,34.761013164706995
365.00547665993383,0.5995353258937992,34.76059940456212
365.25547665993383,0.5997278629430084,34.760447816286025
365.50547665993383,0.5999445943095896,34.76043906523812
365.75547665993383,0.6009132607690663,34.76007310002024
366.00547665993383,0.6015349926725153,34.760225383338685
366.25547665993383,0.5996694995501031,34.76215653139046
366.50547665993383,0.6058901124803386,34.76461805787047
366.75547665993383,0.6165857377370901,34.76636318716051
367.00547665993383,0.6214095422660141,34.76767811564785
367.25547665993383,0.620630085849033,34.76890707645715
367.50547665993383,0.6207867716507055,34.76869891033435
367.75547665993383,0.6208832017306072,34.7687127712657
368.00547665993383,0.620917658224233,34.768717380980476
368.25547665993383,0.6211624780100748,34.76849287562321
368.50547665993383,0.6209835454591249,34.76876843090008
368.75547665993383,0.6210821091833728,34.768936103646325
369.00547665993383,0.6212456366078785,34.768688082780685
369.25547665993383,0.6211276689562372,34.768878333813284
369.50547665993383,0.6210305282374345,34.769198107237365
369.75547665993383,0.621217682667688,34.768945170959846
370.00547665993383,0.6212722586194491,34.768926588920024
370.25547665993383,0.6215987464529392,34.768699856775
370.50547665993383,0.6216680986013088,34.768797285214355
370.75547665993383,0.6216084990178646,34.76901047061342
371.00547665993383,0.6219600443117077,34.7688096116278
371.25547665993383,0.6224766447628768,34.76859659071399
371.50547665993383,0.6230015150996586,34.76823116933995
371.75547665993383,0.6232300902355329,34.768131407208884
372.00547665993383,0.6234019902677764,34.76811151167949
372.25547665993383,0.6239883424927571,34.76778375262419
372.50547665993383,0.6245130201510262,34.7676709904718
372.75547665993383,0.6241598874526975,34.76857309862897
373.00547665993383,0.6278643634031036,34.76860666706527
373.25547665993383,0.6319696620243175,34.76989288186656
373.50547665993383,0.6341577185586098,34.77156964139502
373.75547665993383,0.6390225761302236,34.7709307996031
374.00547665993383,0.6453100955402533,34.77364878872003
374.25547665993383,0.6490118280076573,34.77398075603174
374.50547665993383,0.648937518917682,34.77666234697876
374.75547665993383,0.6548400309368818,34.780535998092034
375.00547665993383,0.6696610913363915,34.779388716267626
375.25547665993383,0.6733709803007187,34.78101798941219
375.50547665993383,0.673341343884968,34.78171697003647
375.75547665993383,0.6735873563980976,34.781421571290366
376.00547665993383,0.673443881428651,34.781631096544295
376.25547665993383,0.6732020437050354,34.78184953109053
376.50547665993383,0.673450583522977,34.78151021752146
376.75547665993383,0.673514608548123,34.78158224927992
377.00547665993383,0.6735011809571095,34.78159746908311
377.25547665993383,0.6734770543801901,34.781504458899846
377.50547665993383,0.6733948734151476,34.781683104362905
377.75547665993383,0.6734826976411168,34.78175433200245
378.00547665993383,0.6734665694680729,34.78168508825345
378.25547665993383,0.6735436401430804,34.78153720149234
378.50547665993383,0.673524459473355,34.78169048324785
378.75547665993383,0.6734666475056961,34.7818882269869
379.00547665993383,0.6736723339575674,34.78162549058832
379.25547665993383,0.6733883800464769,34.78189787138645
379.50547665993383,0.6734698962436632,34.78176343542462
379.75547665993383,0.6734836999405203,34.78170712639187
380.00547665993383,0.6732256055168104,34.781943120725195
380.25547665993383,0.6733384701819988,34.78177574228506
380.50547665993383,0.6733876168392245,34.78178268340878
380.75547665993383,0.6731720632319935,34.78193323316535
381.00547665993383,0.6730616760209226,34.78196781662283
381.25547665993383,0.6729215038107516,34.78202863452809
381.50547665993383,0.6726612584919882,34.78208070549834
381.75547665993383,0.6732140859656346,34.78147949442928
382.00547665993383,0.672827092905713,34.78190090372764
382.25547665993383,0.6725836416077728,34.78218124420119
382.50547665993383,0.6729741555494445,34.78177443974813
382.75547665993383,0.6729108134845384,34.78181461073311
383.00547665993383,0.672985738139642,34.78188042271698
383.25547665993383,0.6730640080267146,34.78183393349019
383.50547665993383,0.6729273358695881,34.78188124844925
383.75547665993383,0.672978006027178,34.78191499280097
384.00547665993383,0.6732297260395768,34.781848315539754
384.25547665993383,0.6729569740982309,34.78193806739885
384.50547665993383,0.6730236791328932,34.78182943025025
384.75547665993383,0.6729471857274639,34.781997750218245
385.00547665993383,0.672998884842934,34.78198880420666
385.25547665993383,0.6734265709763831,34.781578371974504
385.50547665993383,0.6733654974587124,34.78171210143335
385.75547665993383,0.6731238055940645,34.78193739668709
386.00547665993383,0.6729864372550083,34.78218950115726
386.25547665993383,0.6731509575447944,34.782109010477626
386.50547665993383,0.673259773550311,34.78193027647227
386.75547665993383,0.6729886763540629,34.782195578039804
387.00547665993383,0.673153688646279,34.78205598393212
387.25547665993383,0.6732175574720374,34.78205214315276
387.50547665993383,0.6732707187776018,34.7820413869432
387.75547665993383,0.673349282117484,34.78203917079914
388.00547665993383,0.6732802417067739,34.7822766021617
388.25547665993383,0.67339748238469,34.78223921117136
388.50547665993383,0.6734403293320065,34.7820678071692
388.75547665993383,0.6735380186040165,34.781954942471614
389.00547665993383,0.6736454411579765,34.781981052336626
389.25547665993383,0.6736305316403247,34.78206049673573
389.50547665993383,0.673769509651247,34.78205810082922
389.75547665993383,0.6736429646094865,34.78231573896794
390.00547665993383,0.6738843066587358,34.78203329196438
390.25547665993383,0.6742946002505925,34.781574532662866
390.50547665993383,0.6742552187124302,34.78179588848969
390.75547665993383,0.6744417082551559,34.78185320399921
391.00547665993383,0.6747939038154352,34.781660975358875
391.25547665993383,0.6751259964256587,34.7814430726356
391.50547665993383,0.6756439493422416,34.78131791519925
391.75547665993383,0.6757913613261437,34.78161763466409
392.00547665993383,0.6753418442721478,34.783020706400286
392.25547665993383,0.6786297461112788,34.78556825950003
392.50547665993383,0.6877184449232655,34.787608591053086
392.75547665993383,0.693721709924974,34.78909311528771
393.00547665993383,0.6925700414171746,34.79023144567225
393.25547665993383,0.6925143442785594,34.79031569401993
393.50547665993383,0.6924982891607532,34.7905220863406
393.75547665993383,0.6926814038804893,34.79033919010143
394.00547665993383,0.6927815972493936,34.79017133710113
394.25547665993383,0.6926007296642769,34.790353665445416
394.50547665993383,0.6927958251968617,34.79019108704395
394.75547665993383,0.6928301279528846,34.79010633922952
395.00547665993383,0.6926301982647327,34.790438395711035
395.25547665993383,0.6926919842157547,34.79044952978839
395.50547665993383,0.6929166827470823,34.79017239963327
395.75547665993383,0.692807057790325,34.79035056531466
396.00547665993383,0.6927910880689202,34.79032034682936
396.25547665993383,0.6928414990938656,34.79038197398408
396.50547665993383,0.6927575939737578,34.79053353008199
396.75547665993383,0.6927275152512353,34.79057641017134
397.00547665993383,0.6929107877435732,34.790519239052365
397.25547665993383,0.6928402444323603,34.79047973594309
397.50547665993383,0.6928092266944159,34.790512135093174
397.75547665993383,0.6928122070176144,34.790509704156285
398.00547665993383,0.6928240862168452,34.790506312861126
398.25547665993383,0.692909207386406,34.79055969670573
398.50547665993383,0.6929201705171144,34.790512609102095
398.75547665993383,0.69293237309221,34.7906290177398
399.00547665993383,0.6928062768003873,34.7907822725438
399.25547665993383,0.6927675227631787,34.790714228395224
399.50547665993383,0.6929538294402742,34.79056619901958
399.75547665993383,0.6928591940202514,34.79072406108807
400.00547665993383,0.6929408362648514,34.79079013180619
400.25547665993383,0.692929747809327,34.79086194036363
400.50547665993383,0.6929242834217437,34.79083480907331
400.75547665993383,0.6930239256341766,34.790797374982205
401.00547665993383,0.6928039301736172,34.791199037177265
401.25547665993383,0.6931197137321571,34.79096933646981
401.50547665993383,0.6932527989283234,34.7907145487182
401.75547665993383,0.6930258402042858,34.79095755574029
402.00547665993383,0.6931622440116841,34.79106334514428
402.25547665993383,0.6935769990850205,34.79067786345174
402.50547665993383,0.6929672663195855,34.79131165163978
402.75547665993383,0.6932320562853381,34.791107086722725
403.00547665993383,0.693734182170937,34.79067434323513
403.25547665993383,0.693466748536307,34.79104588633474
403.50547665993383,0.6935828223331848,34.79107710717791
403.75547665993383,0.6940152959360242,34.79075650397987
404.00547665993383,0.6941748702939273,34.79075286231158
404.25547665993383,0.694146170109271,34.79090485372928
404.50547665993383,0.6943099807474963,34.79078434252537
404.75547665993383,0.6946939881246471,34.790513413957896
405.00547665993383,0.695042954876402,34.79046316694948
405.25547665993383,0.6954042341565642,34.79040457663572
405.50547665993383,0.6960381920601749,34.79044557157886
405.75547665993383,0.6961221729626528,34.790688721788854
406.00547665993383,0.6971126554446587,34.79178196249459
406.25547665993383,0.7048174367160104,34.79531460520944
406.50547665993383,0.7073483135493586,34.797314436948085
406.75547665993383,0.7125189941129912,34.79796948604691
407.00547665993383,0.7214436566896778,34.79944580748314
407.25547665993383,0.7208376436355802,34.8009224434959
407.50547665993383,0.7212390441264694,34.80053234125621
407.75547665993383,0.7217637160867244,34.80024909142965
408.00547665993383,0.7216248072734102,34.80053417227472
408.25547665993383,0.7218147688573299,34.8004452480028
408.50547665993383,0.7221545360052014,34.80003520377024
408.75547665993383,0.7220856095796289,34.800331350333366
409.00547665993383,0.722695171595474,34.79995855486053
409.25547665993383,0.7230249603818849,34.799749013833456
409.50547665993383,0.7232025279707545,34.800054606844164
409.75547665993383,0.723259989947914,34.80054532050655
410.00547665993383,0.7225714913202101,34.80224059329789
410.25547665993383,0.7298689552487055,34.80436848070903
410.50547665993383,0.7362688175409303,34.80682254329562
410.75547665993383,0.737332493938022,34.80837632505027
411.00547665993383,0.7380914808044566,34.80827488263834
411.25547665993383,0.7381505157327213,34.80843108411197
411.50547665993383,0.7382895270831358,34.808351578538726
411.75547665993383,0.7384047726650577,34.808309443927755
412.00547665993383,0.7384433930060514,34.808258405442885
412.25547665993383,0.7386360777495544,34.80804508938222
412.50547665993383,0.7388643271199653,34.80822220482022
412.75547665993383,0.7392113006005026,34.80810461779365
413.00547665993383,0.7394741811206917,34.80792121166767
413.25547665993383,0.7396280460426614,34.80776377800026
413.50547665993383,0.7400544685075346,34.80754377983609
413.75547665993383,0.7404581804254403,34.80775086022495
414.00547665993383,0.7395000660202522,34.80879876720553
414.25547665993383,0.7458988784805675,34.81052544958088
414.50547665993383,0.7528916683574408,34.8123640434767
414.75547665993383,0.7521177117873155,34.81339878555615
415.00547665993383,0.7525788828782599,34.813227102436244
415.25547665993383,0.7524272448836553,34.81367634913899
415.50547665993383,0.7537432443419518,34.815414827431525
415.75547665993383,0.7585384772976677,34.8166641026371
416.00547665993383,0.7632118171487643,34.81686254136379
416.25547665993383,0.762940401452237,34.817742445967326
416.50547665993383,0.7628218435691063,34.8177419082583
416.75547665993383,0.7630004965483503,34.81761675830963
417.00547665993383,0.7631096853806965,34.817546489206315
417.25547665993383,0.7632975105528257,34.817382687172525
417.50547665993383,0.7630836447950778,34.81758232664156
417.75547665993383,0.7632752424728779,34.81741666984615
418.00547665993383,0.7631787409217303,34.81751482716379
418.25547665993383,0.7630040542537732,34.817706464486825
418.50547665993383,0.7631298556676698,34.81761039808224
418.75547665993383,0.7631137287141525,34.81758843661692
419.00547665993383,0.7631055627423377,34.817633832629284
419.25547665993383,0.7632576385208821,34.81752619643103
419.50547665993383,0.7632774043202153,34.81757040382988
419.75547665993383,0.7631036304186155,34.81781052607264
420.00547665993383,0.7631095800537234,34.817765489081474
420.25547665993383,0.7632206295997698,34.81758712188045
420.50547665993383,0.7631857921999641,34.817646195788704
420.75547665993383,0.7631201881277211,34.817786264822495
421.00547665993383,0.7631918298306767,34.81776065027276
421.25547665993383,0.7633165153166774,34.817682418920334
421.50547665993383,0.7633456020016923,34.81773545561987
421.75547665993383,0.7632504012812882,34.81772807008842
422.00547665993383,0.7634283029143968,34.817522205299504
422.25547665993383,0.7635923006227975,34.81746264498666
422.50547665993383,0.7633023007216705,34.81775095915712
422.75547665993383,0.7634782578287683,34.81769368680596
423.00547665993383,0.7634505948193484,34.8177707530786
423.25547665993383,0.7632980689744527,34.81787407645479
423.50547665993383,0.763334772710529,34.817811302600084
423.75547665993383,0.7634290962475473,34.81776200326683
424.00547665993383,0.7635929153436343,34.81765125199001
424.25547665993383,0.7635765894152816,34.81764682589052
424.50547665993383,0.7634897272671659,34.8177524465721
424.75547665993383,0.7635343802931798,34.81774019366266
425.00547665993383,0.7636252384518197,34.81759993148425
425.25547665993383,0.7635442730586784,34.81773581704608
425.50547665993383,0.7635180936843666,34.81782063490811
425.75547665993383,0.7636171582446266,34.81779656825877
426.00547665993383,0.763725692024474,34.81766920989047
426.25547665993383,0.7637213208188369,34.81754461193052
426.50547665993383,0.763621941349035,34.81777681883487
426.75547665993383,0.7636693343818342,34.81784361632285
427.00547665993383,0.7637280879595504,34.81776700623369
427.25547665993383,0.7637210156649338,34.81776041854924
427.50547665993383,0.763714131244689,34.8178203474408
427.75547665993383,0.7636735132205749,34.81783064156985
428.00547665993383,0.7639613839458386,34.817525663617765
428.25547665993383,0.7638880235043795,34.81768697050775
428.50547665993383,0.7636045569036664,34.81803222965379
428.75547665993383,0.7638207697503118,34.81775302987084
429.00547665993383,0.7638686035118017,34.81774167770229
429.25547665993383,0.7636978990723402,34.81801013849484
429.50547665993383,0.7638578771647351,34.81783237671841
429.75547665993383,0.7640099062825321,34.81763669856752
430.00547665993383,0.7637257653965555,34.81801520048384
430.25547665993383,0.763881062531026,34.81791080598256
430.50547665993383,0.7639818744372945,34.817771043568456
430.75547665993383,0.7639050338097445,34.81786875598904
431.00547665993383,0.7638588571159663,34.8179562826279
431.25547665993383,0.7639072662195133,34.81786180210518
431.50547665993383,0.7639695400706427,34.81783008425204
431.75547665993383,0.7641326603467361,34.81778949784912
432.00547665993383,0.7641318406985429,34.81792245104426
432.25547665993383,0.7641008325203648,34.81797620711387
432.50547665993383,0.7642263705880828,34.817803161774826
432.75547665993383,0.7640941720154389,34.81800746168007
433.00547665993383,0.7640407149228556,34.81802922379937
433.25547665993383,0.7641771211814183,34.81794505864143
433.50547665993383,0.7642335542772987,34.81800229393265
433.75547665993383,0.7641855350743424,34.81801319381106
434.00547665993383,0.7644271130065557,34.81777247488839
434.25547665993383,0.7644515506582378,34.817976239046544
434.50547665993383,0.7645106140174857,34.81808251653212
434.75547665993383,0.764682302364866,34.81794608154978
435.00547665993383,0.764774519181405,34.8178979079702
435.25547665993383,0.7649892504702256,34.81768887308099
435.50547665993383,0.765154652894714,34.817832928976266
435.75547665993383,0.7653292497977958,34.817789634761404
436.00547665993383,0.7656146924076132,34.817498675825306
436.25547665993383,0.7656866297955974,34.81779807607536
436.50547665993383,0.7658661600008426,34.81880212700825
436.75547665993383,0.769644217024676,34.818960880896896
437.00547665993383,0.7732877871754862,34.819263448114334
437.25547665993383,0.7742888565749508,34.819884647107244
437.50547665993383,0.7743707524974995,34.81993380681268
437.75547665993383,0.7745833595311965,34.81985545088496
438.00547665993383,0.7748203349137173,34.81969574305391
438.25547665993383,0.7749687551821887,34.81998068997189
438.50547665993383,0.7749742587270155,34.82035711605174
438.75547665993383,0.7762126059031719,34.82043487792697
439.00547665993383,0.7800202453034422,34.82103397157804
439.25547665993383,0.7807672606037069,34.82172822942592
439.50547665993383,0.7803247067047894,34.821960298938265
439.75547665993383,0.7804476244597425,34.8219653486848
440.00547665993383,0.7803322158014905,34.822024665569934
440.25547665993383,0.7805013295753654,34.82178682324198
440.50547665993383,0.7805882769500283,34.82172257027037
440.75547665993383,0.7804834710529228,34.82190633563669
441.00547665993383,0.7804617565564571,34.82197789891845
441.25547665993383,0.7806539061606055,34.82183544657332
441.50547665993383,0.780799652869913,34.82183340695541
441.75547665993383,0.7808473174230665,34.821799735181735
442.00547665993383,0.7807927106091583,34.82179326212051
442.25547665993383,0.7807210155180214,34.82186512622155
442.50547665993383,0.7807825768180748,34.82184943055256
442.75547665993383,0.7809539642165415,34.821705171793134
443.00547665993383,0.780826617962222,34.82202285138379
443.25547665993383,0.7807839840571112,34.82204838088057
443.50547665993383,0.780892444641481,34.8218591283669
443.75547665993383,0.7808928390600071,34.822008413051265
444.00547665993383,0.7809236474250311,34.821954427206784
444.25547665993383,0.7809169127186343,34.8219154693543
444.50547665993383,0.7809607859253288,34.82180509566265
444.75547665993383,0.780846825557335,34.821939945563614
445.00547665993383,0.7806715611482656,34.82229733097332
445.25547665993383,0.7810816457186682,34.82200170212313
445.50547665993383,0.7810857567130448,34.822165815047065
445.75547665993383,0.7812504231604422,34.822112548552084
446.00547665993383,0.781499642497284,34.82184762627035
446.25547665993383,0.7813914043548481,34.8219422778208
446.50547665993383,0.7816712390084716,34.821769816383345
446.75547665993383,0.7818696979424565,34.82170409030583
447.00547665993383,0.7819861851647094,34.82178583856758
447.25547665993383,0.782205341362067,34.82180374762574
447.50547665993383,0.7823848938591391,34.82187258511518
447.75547665993383,0.7823526577104137,34.8223969501495
448.00547665993383,0.7831783100434815,34.8230254038621
448.25547665993383,0.7875022290187136,34.82388787337796
448.50547665993383,0.7914616751496589,34.824958493254314
448.75547665993383,0.7908422404723239,34.8256596937234
449.00547665993383,0.7907584062060176,34.825569726239976
449.25547665993383,0.7910189599691693,34.825483548688815
449.50547665993383,0.7912097107900767,34.825482267222704
449.75547665993383,0.7912734463269867,34.825567416731516
450.00547665993383,0.7912239971097951,34.82592047448686
450.25547665993383,0.7922229682930753,34.826598291072685
450.50547665993383,0.7965709678996804,34.82807106966123
450.75547665993383,0.7989685982861013,34.82921608539302
451.00547665993383,0.7985044166281045,34.82942995709733
451.25547665993383,0.7986835613755142,34.82928450588458
451.50547665993383,0.7986708613052436,34.8292397516071
451.75547665993383,0.79873418491173,34.82932027738556
452.00547665993383,0.7988263009349644,34.82951703460592
452.25547665993383,0.7987764108031034,34.829817546394686
452.50547665993383,0.7995026270426236,34.8305418779673
452.75547665993383,0.8020785366407477,34.83194352522455
453.00547665993383,0.8031192030311345,34.83219561358138
453.25547665993383,0.8030725319782499,34.832009653840444
453.50547665993383,0.8031068221932576,34.832111511300525
453.75547665993383,0.802997708884734,34.832283300940816
454.00547665993383,0.8028139898402596,34.83265937528922
454.25547665993383,0.802962695021682,34.83242737576584
454.50547665993383,0.8029641746834405,34.83236307004303
454.75547665993383,0.8029414002858056,34.832432643147975
455.00547665993383,0.8032268359797355,34.83207097189131
455.25547665993383,0.8029569122664519,34.83241035315304
455.50547665993383,0.8030413457336321,34.83238800381324
455.75547665993383,0.8030664822766181,34.83238166571477
456.00547665993383,0.8029254536144803,34.832477868911084
456.25547665993383,0.8032073291274201,34.83212220510199
456.50547665993383,0.803136474800031,34.83235720136179
456.75547665993383,0.8031447330552688,34.83230325422713
457.00547665993383,0.8032060948105681,34.83215062684211
457.25547665993383,0.8031950454191514,34.83223042201415
457.50547665993383,0.8032781822798162,34.83219438781838
457.75547665993383,0.8032726143508534,34.832282002260726
458.00547665993383,0.8033180877466659,34.83214319280637
458.25547665993383,0.8032140602517615,34.83217831910976
458.50547665993383,0.8030862967324491,34.83239393713195
458.75547665993383,0.8032825628023401,34.83223095751529
459.00547665993383,0.8032365155859177,34.832256299989204
459.25547665993383,0.8030735816433255,34.83239495783335
459.50547665993383,0.8030147169624157,34.8324049848506
459.75547665993383,0.8030228853546669,34.83237208147199
460.00547665993383,0.8029906984663547,34.83246144983108
460.25547665993383,0.8030909603349697,34.832311944154256
460.50547665993383,0.8033981647419335,34.83200544062858
460.75547665993383,0.8032649002648687,34.832134927190985
461.00547665993383,0.8028843193225813,34.83243121454478
461.25547665993383,0.8032510902388643,34.83206338079019
461.50547665993383,0.8032405674540032,34.83216579555693
461.75547665993383,0.8031789987209427,34.83215099061335
462.00547665993383,0.80316396630396,34.832087311932725
462.25547665993383,0.8030825194539982,34.83223052765743
462.50547665993383,0.8031820945393722,34.83208197290023
462.75547665993383,0.8031364893106775,34.83208912675839
463.00547665993383,0.8030308069498813,34.83215072301776
463.25547665993383,0.8031215948679424,34.83204431148738
463.50547665993383,0.803267343960907,34.831929479645
463.75547665993383,0.8030934834447242,34.832087849359496
464.00547665993383,0.8030179690422145,34.83212451439406
464.25547665993383,0.8031020463493692,34.83198701903178
464.50547665993383,0.8031673703197786,34.8318686206716
464.75547665993383,0.8030015010452008,34.832008715012
465.00547665993383,0.8026552378916135,34.83234975864119
465.25547665993383,0.8028668626411093,34.83207578853942
465.50547665993383,0.8030495123341281,34.83180099849259
465.75547665993383,0.802997184596865,34.83187575344306
466.00547665993383,0.8029986632885658,34.832023041936964
466.25547665993383,0.8027602656307321,34.83228183541232
466.50547665993383,0.8027881856313863,34.83212381397412
